school,city,county,adm,app,acceptance_rate,app_gpa,adm_gpa
A B MILLER HIGH SCHOOL,Fontana,San Bernardino,4.0,11,36.36,3.84,4.01
ABRAHAM LINCOLN HIGH SCHOOL,Los Angeles,Los Angeles,11.0,27,40.74,3.3,3.77
ABRAHAM LINCOLN HIGH SCHOOL,San Francisco,San Francisco,5.0,21,23.81,3.67,3.89
ABRAHAM LINCOLN HIGH SCHOOL,San Jose,Santa Clara,9.0,13,69.23,3.61,3.67
ACALANES HIGH SCHOOL,Lafayette,Contra Costa,40.0,78,51.28,3.66,3.75
ADOLFO CAMARILLO HIGH SCHOOL,Camarillo,Ventura,19.0,33,57.58,3.91,3.99
ADRIAN C WILCOX HIGH SCHOOL,Santa Clara,Santa Clara,6.0,11,54.55,3.8,4.05
AGOURA HIGH SCHOOL,Agoura Hills,Los Angeles,33.0,63,52.38,3.71,3.86
ALAMEDA HIGH SCHOOL,Alameda,Alameda,22.0,39,56.41,3.77,3.97
ALBANY HIGH SCHOOL,Albany,Alameda,11.0,25,44.0,3.39,3.61
ALEXANDER HAMILTON HIGH SCHOOL,Los Angeles,Los Angeles,29.0,60,48.33,3.47,3.7
ALHAMBRA HIGH SCHOOL,Alhambra,Los Angeles,45.0,118,38.14,3.63,3.81
ALHAMBRA HIGH SCHOOL,Martinez,Contra Costa,9.0,14,64.29,,
ALISAL HIGH SCHOOL,Salinas,Monterey,9.0,19,47.37,3.56,3.79
ALISO NIGUEL HIGH SCHOOL,Aliso Viejo,Orange,15.5,32,48.44,,
ALTA LOMA HIGH SCHOOL,Alta Loma,San Bernardino,14.0,26,53.85,3.57,3.72
AMADOR HIGH SCHOOL,Sutter Creek,Amador,3.0,6,50.0,3.46,
AMADOR VALLEY HIGH SCHOOL,Pleasanton,Alameda,22.0,34,64.71,3.8,3.93
AMERICAN HIGH SCHOOL,Fremont,Alameda,6.0,12,50.0,3.72,4.27
AMOS ALONZO STAGG HIGH SCHOOL,Stockton,San Joaquin,0.0,6,0.0,,
ANAHEIM HIGH SCHOOL,Anaheim,Orange,0.0,0,,4.05,4.05
ANALY HIGH SCHOOL,Sebastopol,Sonoma,7.0,14,50.0,3.79,3.89
ANDERSON UNION HIGH SCHOOL,Anderson,Shasta,0.0,0,,,
ANDERSON VALLEY HIGH SCHOOL,Boonville,Mendocino,0.0,0,,,
ANDREW P HILL HIGH SCHOOL,San Jose,Santa Clara,6.0,13,46.15,3.76,3.92
ANTELOPE VALLEY HIGH SCHOOL,Lancaster,Los Angeles,5.0,8,62.5,,
ANTIOCH HIGH SCHOOL,Antioch,Contra Costa,10.0,21,47.62,3.87,3.91
APPLE VALLEY HIGH SCHOOL,Apple Valley,San Bernardino,10.0,19,52.63,3.45,3.61
APTOS HIGH SCHOOL,Aptos,Santa Cruz,15.0,31,48.39,3.68,3.93
ARAGON HIGH SCHOOL,San Mateo,San Mateo,34.0,58,58.62,3.81,4.04
ARCADIA HIGH SCHOOL,Arcadia,Los Angeles,145.0,265,54.72,3.69,3.85
ARCATA HIGH SCHOOL,Arcata,Humboldt,10.0,12,83.33,,
ARCHIE WILLIAMS HIGH SCHOOL,San Anselmo,Marin,9.0,20,45.0,3.62,3.97
ARGONAUT HIGH SCHOOL,Jackson,Amador,0.0,0,,,
ARLINGTON HIGH SCHOOL,Riverside,Riverside,3.0,14,21.43,3.54,3.9
ARMIJO HIGH SCHOOL,Fairfield,Solano,8.0,12,66.67,,
ARROYO GRANDE HIGH SCHOOL,Arroyo Grande,San Luis Obispo,10.0,17,58.82,3.81,3.88
ARROYO HIGH SCHOOL,El Monte,Los Angeles,0.0,5,0.0,3.72,3.76
ARROYO HIGH SCHOOL,San Lorenzo,Alameda,0.0,0,,3.79,3.82
ARTESIA HIGH SCHOOL,Lakewood,Los Angeles,16.0,31,51.61,3.8,3.98
ARVIN HIGH SCHOOL,Arvin,Kern,0.0,0,,,
ATASCADERO HIGH SCHOOL,Atascadero,San Luis Obispo,3.0,7,42.86,,
ATWATER HIGH SCHOOL,Atwater,Merced,8.0,9,88.89,3.65,3.75
AVALON HIGH SCHOOL,Avalon,Los Angeles,0.0,0,,,
BAKERSFIELD HIGH SCHOOL,Bakersfield,Kern,10.0,24,41.67,3.68,3.91
BALDWIN PARK HIGH SCHOOL,Baldwin Park,Los Angeles,6.0,12,50.0,3.2,3.66
BANNING HIGH SCHOOL,Banning,Riverside,4.0,8,50.0,3.38,
BARSTOW HIGH SCHOOL,Barstow,San Bernardino,0.0,0,,3.79,3.93
BASSETT HIGH SCHOOL,La Puente,Los Angeles,3.0,8,37.5,3.47,3.4
BEAR CREEK HIGH SCHOOL,Stockton,San Joaquin,4.0,6,66.67,,
BEAR RIVER HIGH SCHOOL,Grass Valley,Nevada,4.0,10,40.0,3.99,4.06
BELL GARDENS SENIOR HS,Bell Gardens,Los Angeles,0.0,6,0.0,3.29,
BELL HIGH SCHOOL,Bell,Los Angeles,5.0,7,71.43,3.21,
BELLA VISTA HIGH SCHOOL,Fair Oaks,Sacramento,23.0,38,60.53,3.78,3.91
BELLFLOWER HIGH SCHOOL,Bellflower,Los Angeles,5.0,7,71.43,3.9,4.14
BELMONT HIGH SCHOOL,Los Angeles,Los Angeles,4.0,10,40.0,3.47,3.78
BENICIA HIGH SCHOOL,Benicia,Solano,6.0,13,46.15,,
BENJAMIN FRANKLIN HIGH SCHOOL,Los Angeles,Los Angeles,15.0,25,60.0,3.35,3.77
BERKELEY HIGH SCHOOL,Berkeley,Alameda,59.0,97,60.82,3.6,3.79
BEVERLY HILLS HIGH SCHOOL,Beverly Hills,Los Angeles,58.0,118,49.15,3.51,3.8
BIG BEAR HIGH SCHOOL,Big Bear City,San Bernardino,0.0,5,0.0,,
BIRMINGHAM COMMUNITY HS,Lake Balboa,Los Angeles,17.0,33,51.52,3.6,4.05
BISHOP UNION HIGH SCHOOL,Bishop,Inyo,4.0,6,66.67,,
BLAIR HIGH SCHOOL,Pasadena,Los Angeles,4.0,12,33.33,3.18,
BOLSA GRANDE HIGH SCHOOL,Garden Grove,Orange,13.0,25,52.0,3.79,3.89
BONITA HIGH SCHOOL,La Verne,Los Angeles,9.0,25,36.0,3.55,3.8
BONITA VISTA HIGH SCHOOL,Chula Vista,San Diego,47.0,86,54.65,3.68,3.9
BORREGO SPRINGS HIGH SCHOOL,Borrego Springs,San Diego,0.0,0,,,
BRAWLEY UNION HIGH SCHOOL,Brawley,Imperial,3.0,9,33.33,3.66,
BREA OLINDA HIGH SCHOOL,Brea,Orange,21.0,46,45.65,3.77,4.04
BRET HARTE UNION HIGH SCHOOL,Angels Camp,Calaveras,0.0,0,,,
BUENA HIGH SCHOOL,Ventura,Ventura,19.0,48,39.58,3.88,4.02
BUENA PARK HIGH SCHOOL,Buena Park,Orange,0.0,8,0.0,3.87,
BULLARD HIGH SCHOOL,Fresno,Fresno,31.0,53,58.49,3.85,3.91
BURBANK SENIOR HIGH SCHOOL,Burbank,Los Angeles,14.0,28,50.0,3.42,3.8
BURLINGAME HIGH SCHOOL,Burlingame,San Mateo,22.0,39,56.41,3.74,4.01
C K MCCLATCHY HIGH SCHOOL,Sacramento,Sacramento,18.0,30,60.0,3.78,3.91
CABRILLO HIGH SCHOOL,Lompoc,Santa Barbara,8.0,13,61.54,4.2,4.33
CAJON HIGH SCHOOL,San Bernardino,San Bernardino,12.0,23,52.17,3.02,
CALABASAS HIGH SCHOOL,Calabasas,Los Angeles,52.0,88,59.09,3.79,3.99
CALAVERAS HIGH SCHOOL,San Andreas,Calaveras,0.0,0,,,
CALEXICO HIGH SCHOOL,Calexico,Imperial,10.0,24,41.67,3.41,3.83
CALIFORNIA ACAD MATH & SCIENCE,Carson,Los Angeles,20.0,27,74.07,3.68,3.76
CALIFORNIA HIGH SCHOOL,San Ramon,Contra Costa,18.0,35,51.43,3.59,3.84
CALIFORNIA HIGH SCHOOL,Whittier,Los Angeles,8.0,12,66.67,,
CALISTOGA HIGH SCHOOL,Calistoga,Napa,0.0,0,,,
CAMPOLINDO HIGH SCHOOL,Moraga,Contra Costa,36.0,63,57.14,3.66,3.83
CANOGA PARK HIGH SCHOOL,Canoga Park,Los Angeles,0.0,8,0.0,3.76,
CANYON HIGH SCHOOL,Anaheim,Orange,33.0,64,51.56,3.7,3.84
CANYON HIGH SCHOOL,Canyon Country,Los Angeles,7.0,18,38.89,3.63,3.85
CANYON HILLS HIGH SCHOOL,San Diego,San Diego,33.0,64,51.56,4.0,4.09
CANYON SPRINGS HIGH SCHOOL,Moreno Valley,Riverside,7.0,22,31.82,3.89,4.15
CAPISTRANO VALLEY HIGH SCHOOL,Mission Viejo,Orange,21.0,49,42.86,3.64,3.9
CAPUCHINO HIGH SCHOOL,San Bruno,San Mateo,0.0,0,,3.85,3.96
CARLMONT HIGH SCHOOL,Belmont,San Mateo,19.0,32,59.38,3.78,3.96
CARLSBAD HIGH SCHOOL,Carlsbad,San Diego,31.0,52,59.62,3.78,3.93
CARMEL HIGH SCHOOL,Carmel,Monterey,8.0,18,44.44,3.75,4.01
CARPINTERIA HIGH SCHOOL,Carpinteria,Santa Barbara,6.0,13,46.15,,
CARSON HIGH SCHOOL,Carson,Los Angeles,5.0,17,29.41,3.69,3.82
CARUTHERS HIGH SCHOOL,Caruthers,Fresno,0.0,0,,,
CASA GRANDE HIGH SCHOOL,Petaluma,Sonoma,3.0,11,27.27,3.84,4.03
CASA ROBLE FUNDAMENTAL HS,Orangevale,Sacramento,9.0,18,50.0,3.74,3.91
CASTLE PARK HIGH SCHOOL,Chula Vista,San Diego,12.0,23,52.17,3.48,3.7
CASTLEMONT BUS INFORM TECH SCH,Oakland,Alameda,0.0,0,,,
CASTRO VALLEY HIGH SCHOOL,Castro Valley,Alameda,14.0,24,58.33,3.68,3.83
CATHEDRAL CITY HIGH SCHOOL,Cathedral City,Riverside,0.0,8,0.0,,
CENTENNIAL HIGH SCHOOL,Bakersfield,Kern,3.0,8,37.5,,
CENTENNIAL HIGH SCHOOL,Corona,Riverside,5.0,19,26.32,3.56,4.05
CENTER HIGH SCHOOL,Antelope,Sacramento,5.0,5,100.0,,
CENTRAL EAST HIGH SCHOOL,Fresno,Fresno,0.0,0,,3.7,
CENTRAL UNION HIGH SCHOOL,El Centro,Imperial,16.0,29,55.17,3.62,3.78
CENTRAL VALLEY HIGH SCHOOL,Shasta Lake,Shasta,0.0,0,,,
CENTURY HIGH SCHOOL,Santa Ana,Orange,4.0,11,36.36,3.4,
CERES HIGH SCHOOL,Ceres,Stanislaus,0.0,0,,,
CERRITOS HIGH SCHOOL,Cerritos,Los Angeles,37.0,137,27.01,3.63,3.88
CHAFFEY HIGH SCHOOL,Ontario,San Bernardino,0.0,6,0.0,3.34,
CHANNEL ISLANDS HIGH SCHOOL,Oxnard,Ventura,19.0,28,67.86,3.78,3.93
CHARTER OAK HIGH SCHOOL,Covina,Los Angeles,7.0,18,38.89,3.88,4.1
CHATSWORTH HIGH SCHOOL,Chatsworth,Los Angeles,39.0,92,42.39,3.59,3.93
CHESTER HIGH SCHOOL,Chester,Plumas,0.0,0,,,
CHICO SENIOR HIGH SCHOOL,Chico,Butte,6.0,19,31.58,,
CHINO HIGH SCHOOL,Chino,San Bernardino,3.0,12,25.0,3.72,3.7
CHOWCHILLA UNION HIGH SCHOOL,Chowchilla,Madera,0.0,0,,,
CHULA VISTA SENIOR HIGH SCHOOL,Chula Vista,San Diego,17.0,37,45.95,3.44,3.9
CLAIREMONT HIGH SCHOOL,San Diego,San Diego,9.0,18,50.0,3.67,3.86
CLAREMONT HIGH SCHOOL,Claremont,Los Angeles,53.0,91,58.24,3.81,3.99
CLAYTON VALLEY HIGH SCHOOL,Concord,Contra Costa,11.0,26,42.31,3.84,4.08
CLEVELAND HIGH SCHOOL,Reseda,Los Angeles,31.0,65,47.69,3.74,3.88
CLEVELAND HUMANITIES MAGNET,Reseda,Los Angeles,0.0,0,,,
CLOVERDALE HIGH SCHOOL,Cloverdale,Sonoma,0.0,0,,,
CLOVIS HIGH SCHOOL,Clovis,Fresno,8.0,11,72.73,3.97,3.98
CLOVIS WEST HIGH SCHOOL,Fresno,Fresno,23.0,51,45.1,3.73,3.83
COACHELLA VALLEY HIGH SCHOOL,Thermal,Riverside,6.0,12,50.0,3.5,
COALINGA HIGH SCHOOL,Coalinga,Fresno,0.0,0,,,
COAST UNION HIGH SCHOOL,Cambria,San Luis Obispo,0.0,0,,,
COLFAX HIGH SCHOOL,Colfax,Placer,8.0,9,88.89,,
COLLEGE PARK HIGH SCHOOL,Pleasant Hill,Contra Costa,22.0,37,59.46,3.75,3.79
COLTON HIGH SCHOOL,Colton,San Bernardino,6.0,11,54.55,,
COLUSA HIGH SCHOOL,Colusa,Colusa,0.0,0,,,
COMPTON SENIOR HIGH SCHOOL,Compton,Los Angeles,0.0,6,0.0,,
CONCORD HIGH SCHOOL,Concord,Contra Costa,0.0,0,,3.58,3.77
CONCORDIA HIGH,Oakland,Alameda,0.0,0,,,
CORCORAN HIGH SCHOOL,Corcoran,Kings,3.0,6,50.0,3.62,3.78
CORDOVA HIGH SCHOOL,Rancho Cordova,Sacramento,0.0,0,,3.59,
CORNING UNION HIGH SCHOOL,Corning,Tehama,0.0,0,,,
CORONA DEL MAR HIGH SCHOOL,Newport Beach,Orange,40.0,67,59.7,3.64,3.93
CORONA HIGH SCHOOL,Corona,Riverside,8.0,24,33.33,3.85,3.94
CORONADO HIGH SCHOOL,Coronado,San Diego,16.0,31,51.61,3.58,3.8
COSTA MESA HIGH SCHOOL,Costa Mesa,Orange,8.0,13,61.54,3.84,3.91
COVINA HIGH SCHOOL,Covina,Los Angeles,13.0,20,65.0,3.73,3.95
CRAWFORD HIGH SCHOOL,San Diego,San Diego,14.0,36,38.89,3.65,3.89
CRENSHAW HIGH SCHOOL,Los Angeles,Los Angeles,6.0,11,54.55,3.36,3.66
CRESCENTA VALLEY HIGH SCHOOL,La Crescenta,Los Angeles,33.0,75,44.0,3.62,3.81
CULVER CITY HIGH SCHOOL,Culver City,Los Angeles,10.0,27,37.04,3.6,3.72
CUPERTINO HIGH SCHOOL,Cupertino,Santa Clara,24.0,39,61.54,3.67,3.94
CUYAMA VALLEY HIGH SCHOOL,New Cuyama,Santa Barbara,0.0,0,,,
CYPRESS HIGH SCHOOL,Cypress,Orange,14.0,27,51.85,3.69,3.95
DANA HILLS HIGH SCHOOL,Dana Point,Orange,40.0,87,45.98,3.69,3.92
DAV STARR JORDAN HIGH SCHOOL,Long Beach,Los Angeles,5.0,7,71.43,,
DAVIS SENIOR HIGH SCHOOL,Davis,Yolo,57.0,98,58.16,3.73,3.96
DE ANZA HIGH SCHOOL,Richmond,Contra Costa,0.0,0,,3.79,3.79
DEL CAMPO HIGH SCHOOL,Fair Oaks,Sacramento,12.0,16,75.0,3.82,4.0
DEL MAR HIGH SCHOOL,San Jose,Santa Clara,0.0,8,0.0,3.7,3.72
DEL NORTE COUNTY HIGH SCHOOL,Crescent City,Del Norte,0.0,5,0.0,,
DEL ORO HIGH SCHOOL,Loomis,Placer,10.0,16,62.5,3.94,4.0
DELANO HIGH SCHOOL,Delano,Kern,0.0,0,,4.16,4.19
DELTA HIGH SCHOOL,Clarksburg,Yolo,0.0,0,,,
DESERT HIGH SCHOOL,Edwards,Kern,0.0,0,,,
DIAMOND BAR HIGH SCHOOL,Diamond Bar,Los Angeles,72.0,159,45.28,3.69,3.94
DINUBA HIGH SCHOOL,Dinuba,Tulare,0.0,0,,,
DIXON HIGH SCHOOL,Dixon,Solano,0.0,5,0.0,3.22,
DOMINGUEZ SENIOR HIGH SCHOOL,Compton,Los Angeles,0.0,7,0.0,,
DON ANTONIO LUGO HIGH SCHOOL,Chino,San Bernardino,4.0,10,40.0,3.88,
DOS PALOS HIGH SCHOOL,Dos Palos,Merced,0.0,0,,,
DOS PUEBLOS HIGH SCHOOL,Goleta,Santa Barbara,31.0,40,77.5,3.85,4.01
DOWNEY HIGH SCHOOL,Downey,Los Angeles,12.0,26,46.15,3.65,3.78
DOWNTOWN MAGNETS HIGH SCHOOL,Los Angeles,Los Angeles,0.0,0,,3.18,3.54
DR JAMES J HOGAN HIGH SCHOOL,Vallejo,Solano,6.0,12,50.0,,
DUARTE HIGH SCHOOL,Duarte,Los Angeles,0.0,0,,3.54,3.84
DUBLIN HIGH SCHOOL,Dublin,Alameda,8.0,11,72.73,3.67,3.8
DUNCAN POLYTECHNICAL HS,Fresno,Fresno,0.0,0,,,
DURHAM HIGH SCHOOL,Durham,Butte,0.0,0,,,
EAGLE ROCK HIGH SCHOOL,Los Angeles,Los Angeles,3.0,13,23.08,3.55,3.86
EAST BAKERSFIELD HIGH SCHOOL,Bakersfield,Kern,0.0,0,,,
EAST NICOLAUS HIGH SCHOOL,Trowbridge,Sutter,0.0,0,,,
EAST UNION HIGH SCHOOL,Manteca,San Joaquin,3.0,5,60.0,,
EASTLAKE HIGH SCHOOL,Chula Vista,San Diego,33.0,72,45.83,,
EDISON HIGH SCHOOL,Fresno,Fresno,27.0,35,77.14,3.93,3.97
EDISON HIGH SCHOOL,Huntington Beach,Orange,30.0,67,44.78,3.66,3.84
EDISON SENIOR HIGH SCHOOL,Stockton,San Joaquin,0.0,5,0.0,3.82,3.81
EISENHOWER HIGH SCHOOL,Rialto,San Bernardino,4.0,10,40.0,,
EL CAJON VALLEY HIGH SCHOOL,El Cajon,San Diego,6.0,13,46.15,4.03,4.08
EL CAMINO FUNDAMENTAL HS,Sacramento,Sacramento,12.0,27,44.44,3.71,3.86
EL CAMINO HIGH,South San Francisco,San Mateo,10.0,16,62.5,3.82,3.92
EL CAMINO HIGH SCHOOL,Oceanside,San Diego,6.0,13,46.15,3.49,3.84
EL CAMINO REAL CHARTER HIGH SC,Woodland Hills,Los Angeles,35.0,88,39.77,3.58,3.88
EL CAPITAN HIGH SCHOOL,Lakeside,San Diego,19.0,26,73.08,3.87,4.1
EL CERRITO HIGH SCHOOL,El Cerrito,Contra Costa,23.0,29,79.31,3.65,3.94
EL DORADO HIGH SCHOOL,Placentia,Orange,17.0,26,65.38,3.79,3.95
EL DORADO HIGH SCHOOL,Placerville,El Dorado,8.0,12,66.67,,
EL MODENA HIGH SCHOOL,Orange,Orange,20.0,37,54.05,3.5,3.75
EL MOLINO HIGH SCHOOL,Forestville,Sonoma,11.0,17,64.71,3.67,3.87
EL MONTE HIGH SCHOOL,El Monte,Los Angeles,5.0,17,29.41,3.54,3.73
EL RANCHO HIGH SCHOOL,Pico Rivera,Los Angeles,0.0,12,0.0,3.14,3.47
EL SEGUNDO HIGH SCHOOL,El Segundo,Los Angeles,7.0,19,36.84,3.75,4.08
EL TORO HIGH SCHOOL,Lake Forest,Orange,33.0,51,64.71,3.62,3.81
ELK GROVE HIGH SCHOOL,Elk Grove,Sacramento,16.0,27,59.26,3.78,3.95
ELSINORE HIGH SCHOOL,Wildomar,Riverside,4.0,15,26.67,3.3,
EMERY SECONDARY SCHOOL,Emeryville,Alameda,0.0,0,,,
ENCINAL HIGH SCHOOL,Alameda,Alameda,5.0,15,33.33,3.49,3.91
ENTERPRISE HIGH SCHOOL,Redding,Shasta,0.0,0,,,
ERNEST RIGHETTI HIGH SCHOOL,Santa Maria,Santa Barbara,3.0,8,37.5,,
ESCONDIDO HIGH SCHOOL,Escondido,San Diego,12.0,26,46.15,3.85,4.09
ESPARTO HIGH SCHOOL,Esparto,Yolo,0.0,0,,,
ESPERANZA HIGH SCHOOL,Anaheim,Orange,36.0,58,62.07,3.84,4.02
ESTANCIA HIGH SCHOOL,Costa Mesa,Orange,6.0,12,50.0,3.67,3.74
ETIWANDA HIGH SCHOOL,Etiwanda,San Bernardino,7.0,19,36.84,3.51,3.72
ETNA UNION HIGH SCHOOL,Etna,Siskiyou,0.0,0,,,
EUREKA SENIOR HIGH SCHOOL,Eureka,Humboldt,4.0,5,80.0,3.96,
EXETER UNION HIGH SCHOOL,Exeter,Tulare,3.0,5,60.0,3.36,
FAIRFAX HIGH SCHOOL,Los Angeles,Los Angeles,12.0,23,52.17,3.82,4.09
FAIRFIELD HIGH SCHOOL,Fairfield,Solano,0.0,0,,,
FALLBROOK UNION HIGH SCHOOL,Fallbrook,San Diego,20.0,36,55.56,3.6,3.83
FERNDALE HIGH SCHOOL,Ferndale,Humboldt,0.0,0,,,
FILLMORE HIGH SCHOOL,Fillmore,Ventura,0.0,7,0.0,3.1,
FIREBAUGH HIGH SCHOOL,Firebaugh,Fresno,0.0,0,,,
FLORIN HIGH SCHOOL,Sacramento,Sacramento,15.0,23,65.22,3.78,4.03
FLOYD B BUCHANAN HIGH SCHOOL,Clovis,Fresno,5.0,13,38.46,,
FOLSOM HIGH SCHOOL,Folsom,Sacramento,8.0,15,53.33,3.89,4.07
FONTANA HIGH SCHOOL,Fontana,San Bernardino,5.0,14,35.71,3.48,
FOOTHILL HIGH SCHOOL,Bakersfield,Kern,0.0,0,,,
FOOTHILL HIGH SCHOOL,Palo Cedro,Shasta,0.0,0,,,
FOOTHILL HIGH SCHOOL,Pleasanton,Alameda,9.0,15,60.0,3.7,3.83
FOOTHILL HIGH SCHOOL,Sacramento,Sacramento,0.0,0,,,
FOOTHILL HIGH SCHOOL,Santa Ana,Orange,52.0,78,66.67,3.6,3.91
FORTUNA UNION HIGH SCHOOL,Fortuna,Humboldt,0.0,0,,,
FOUNTAIN VALLEY HIGH SCHOOL,Fountain Valley,Orange,34.0,89,38.2,3.62,3.81
FOWLER HIGH SCHOOL,Fowler,Fresno,0.0,0,,,
FRANCISCO BRAVO MEDICAL MAGNET,Los Angeles,Los Angeles,45.0,91,49.45,3.65,3.87
FRANKLIN HIGH SCHOOL,Stockton,San Joaquin,0.0,5,0.0,,
FRED C BEYER HIGH SCHOOL,Modesto,Stanislaus,13.0,23,56.52,3.99,4.02
FREMONT HIGH SCHOOL,Oakland,Alameda,0.0,0,,,
FREMONT HIGH SCHOOL,Sunnyvale,Santa Clara,11.0,25,44.0,3.83,3.93
FRESNO HIGH SCHOOL,Fresno,Fresno,0.0,7,0.0,3.81,
FULLERTON UNION HIGH SCHOOL,Fullerton,Orange,13.0,19,68.42,3.67,3.84
GAHR HIGH SCHOOL,Cerritos,Los Angeles,25.0,58,43.1,3.7,3.93
GALILEO ACAD OF SCIENCE & TECH,San Francisco,San Francisco,4.0,10,40.0,,
GALT HIGH SCHOOL,Galt,Sacramento,0.0,5,0.0,,
GANESHA HIGH SCHOOL,Pomona,Los Angeles,5.0,9,55.56,3.43,
GARDEN GROVE HIGH SCHOOL,Garden Grove,Orange,13.0,30,43.33,3.78,3.92
GARDENA HIGH SCHOOL,Gardena,Los Angeles,0.0,9,0.0,3.38,
GAREY HIGH SCHOOL,Pomona,Los Angeles,0.0,9,0.0,3.54,3.97
GEORGE WASHINGTON HIGH SCHOOL,San Francisco,San Francisco,16.0,42,38.1,3.64,3.76
GEORGE WASHINGTON PREPARATORY,Los Angeles,Los Angeles,0.0,8,0.0,3.15,3.52
GILROY HIGH SCHOOL,Gilroy,Santa Clara,10.0,13,76.92,3.0,3.4
GLADSTONE HIGH SCHOOL,Covina,Los Angeles,0.0,0,,,
GLEN A WILSON HIGH SCHOOL,Hacienda Heights,Los Angeles,31.0,77,40.26,3.57,3.81
GLENDALE HIGH SCHOOL,Glendale,Los Angeles,26.0,53,49.06,3.74,3.82
GLENDORA HIGH SCHOOL,Glendora,Los Angeles,21.0,39,53.85,3.94,4.1
GOLDEN SIERRA HIGH SCHOOL,Garden Valley,El Dorado,0.0,0,,,
GOLDEN VALLEY HIGH SCHOOL,Merced,Merced,3.0,8,37.5,,
GOLDEN WEST HIGH SCHOOL,Visalia,Tulare,6.0,11,54.55,3.21,
GOMPERS PREPARATORY ACADEMY,San Diego,San Diego,19.0,31,61.29,3.66,3.98
GONZALES HIGH SCHOOL,Gonzales,Monterey,0.0,0,,,
GRACE M DAVIS HIGH SCHOOL,Modesto,Stanislaus,4.0,7,57.14,3.97,3.99
GRANADA HIGH SCHOOL,Livermore,Alameda,6.0,12,50.0,3.85,3.91
GRANADA HILLS CHARTER HIGH SCH,Granada Hills,Los Angeles,59.0,164,35.98,3.73,4.01
GRANITE HILLS HIGH SCHOOL,El Cajon,San Diego,15.0,24,62.5,3.92,3.97
GRANT HIGH SCHOOL,Sacramento,Sacramento,0.0,5,0.0,,
GRETCHEN WHITNEY HIGH SCHOOL,Cerritos,Los Angeles,95.0,119,79.83,3.77,3.87
GRIDLEY HIGH SCHOOL,Gridley,Butte,0.0,0,,,
GROSSMONT ADULT SCHOOL,El Cajon,San Diego,0.0,0,,,
GROSSMONT HIGH SCHOOL,El Cajon,San Diego,26.0,38,68.42,,
GUSTINE HIGH SCHOOL,Gustine,Merced,0.0,0,,,
HALF MOON BAY HIGH SCHOOL,Half Moon Bay,San Mateo,4.0,11,36.36,3.55,3.77
HAMILTON HUMANITIES MAGNET,Los Angeles,Los Angeles,0.0,0,,,
HANFORD HIGH SCHOOL,Hanford,Kings,4.0,8,50.0,3.42,3.84
HANFORD JOINT UNION HS WEST,Hanford,Kings,0.0,0,,,
HARBOR HIGH SCHOOL,Santa Cruz,Santa Cruz,11.0,25,44.0,3.71,4.13
HAWTHORNE HIGH SCHOOL,Hawthorne,Los Angeles,3.0,6,50.0,,
HAYWARD HIGH SCHOOL,Hayward,Alameda,6.0,8,75.0,3.74,3.81
HEALDSBURG HIGH SCHOOL,Healdsburg,Sonoma,0.0,0,,,
HELIX HIGH SCHOOL,La Mesa,San Diego,32.0,45,71.11,3.76,3.94
HEMET HIGH SCHOOL,Hemet,Riverside,21.0,36,58.33,3.87,4.07
HENRY M GUNN SENIOR HIGH SCHL,Palo Alto,Santa Clara,69.0,106,65.09,3.74,3.86
HENRY T GUNDERSON HIGH SCHOOL,San Jose,Santa Clara,10.0,13,76.92,3.61,
HERBERT HOOVER HIGH SCHOOL,Fresno,Fresno,5.0,9,55.56,,
HERBERT HOOVER HIGH SCHOOL,Glendale,Los Angeles,30.0,52,57.69,3.59,3.93
HERBERT HOOVER HIGH SCHOOL,San Diego,San Diego,11.0,27,40.74,3.45,3.74
HESPERIA HIGH SCHOOL,Hesperia,San Bernardino,0.0,0,,,
HIGHLAND HIGH SCHOOL,Bakersfield,Kern,7.0,15,46.67,3.66,4.06
HIGHLAND HIGH SCHOOL,Palmdale,Los Angeles,7.0,19,36.84,4.07,4.11
HIGHLANDS HIGH SCHOOL,North Highlands,Sacramento,0.0,0,,,
HILLSDALE HIGH SCHOOL,San Mateo,San Mateo,29.0,46,63.04,3.79,4.08
HILLTOP HIGH SCHOOL,Chula Vista,San Diego,24.0,51,47.06,3.66,3.77
HIRAM W JOHNSON HIGH SCHOOL,Sacramento,Sacramento,0.0,0,,3.65,3.74
HOLLISTER HIGH SCHOOL,Hollister,San Benito,5.0,10,50.0,3.61,3.78
HOLLYWOOD HIGH SCHOOL,Los Angeles,Los Angeles,0.0,0,,3.58,
HOLTVILLE HIGH SCHOOL,Holtville,Imperial,5.0,9,55.56,,
HOMESTEAD HIGH SCHOOL,Cupertino,Santa Clara,59.0,89,66.29,3.74,3.9
HOOPA VALLEY HIGH SCHOOL,Hoopa,Humboldt,0.0,0,,,
HUENEME HIGH SCHOOL,Oxnard,Ventura,5.0,8,62.5,,
HUGHSON HIGH SCHOOL,Hughson,Stanislaus,0.0,0,,,
HUNTINGTON BEACH HIGH SCHOOL,Huntington Beach,Orange,23.0,50,46.0,3.68,3.93
HUNTINGTON PARK HIGH SCHOOL,Huntington Park,Los Angeles,0.0,7,0.0,3.53,3.67
IMPERIAL HIGH SCHOOL,Imperial,Imperial,0.0,0,,,
INDEPENDENCE HIGH SCHOOL,San Jose,Santa Clara,12.0,27,44.44,3.67,3.92
INDIO HIGH SCHOOL,Indio,Riverside,12.0,24,50.0,3.51,3.79
INGLEWOOD HIGH SCHOOL,Inglewood,Los Angeles,0.0,0,,3.02,
INTERNATIONAL STUDIES ACADEMY,San Francisco,San Francisco,0.0,7,0.0,,
IRVINE HIGH SCHOOL,Irvine,Orange,46.0,95,48.42,3.6,3.88
IRVINGTON HIGH SCHOOL,Fremont,Alameda,13.0,18,72.22,3.95,3.98
J EUGENE MCATEER HIGH SCHOOL,San Francisco,San Francisco,0.0,0,,,
JAMES A GARFIELD HIGH SCHOOL,Los Angeles,Los Angeles,4.0,7,57.14,3.22,3.53
JAMES LICK HIGH SCHOOL,San Jose,Santa Clara,0.0,6,0.0,,
JAMES LOGAN HIGH SCHOOL,Union City,Alameda,19.0,38,50.0,3.61,3.9
JAMES MADISON HIGH SCHOOL,San Diego,San Diego,8.0,22,36.36,3.7,3.9
JAMES MONROE HIGH SCHOOL,North Hills,Los Angeles,20.0,36,55.56,3.72,3.92
JEFFERSON HIGH SCHOOL,Daly City,San Mateo,0.0,0,,,
JOHANSEN HIGH SCHOOL,Modesto,Stanislaus,12.0,25,48.0,3.99,4.13
JOHN A ROWLAND HIGH SCHOOL,Rowland Heights,Los Angeles,32.0,66,48.48,3.6,3.75
JOHN BURROUGHS HIGH SCHOOL,Burbank,Los Angeles,6.0,12,50.0,3.82,4.13
JOHN C FREMONT HIGH SCHOOL,Los Angeles,Los Angeles,0.0,0,,3.5,
JOHN F KENNEDY HIGH SCHOOL,Fremont,Alameda,8.0,13,61.54,3.67,3.84
JOHN F KENNEDY HIGH SCHOOL,Granada Hills,Los Angeles,7.0,17,41.18,3.48,3.78
JOHN F KENNEDY HIGH SCHOOL,La Palma,Orange,18.0,44,40.91,3.72,3.91
JOHN F KENNEDY HIGH SCHOOL,Richmond,Contra Costa,0.0,0,,,
JOHN F KENNEDY HIGH SCHOOL,Sacramento,Sacramento,35.0,52,67.31,3.67,3.81
JOHN GLENN HIGH SCHOOL,Norwalk,Los Angeles,0.0,0,,3.91,4.03
JOHN H FRANCIS POLYTECHNIC HS,Sun Valley,Los Angeles,4.0,11,36.36,,
JOHN MARSHALL FUNDAMENTAL SCH,Pasadena,Los Angeles,4.0,6,66.67,,
JOHN MARSHALL HIGH SCHOOL,Los Angeles,Los Angeles,15.0,38,39.47,3.59,3.8
JOHN MUIR HIGH SCHOOL,Pasadena,Los Angeles,6.0,13,46.15,3.47,3.73
JOHN O'CONNELL HIGH SCHOOL,San Francisco,San Francisco,0.0,0,,,
JOHN SWETT HIGH SCHOOL,Crockett,Contra Costa,0.0,0,,,
JOHN W NORTH HIGH SCHOOL,Riverside,Riverside,27.0,44,61.36,3.68,3.99
JULIAN UNION HIGH SCHOOL,Julian,San Diego,3.0,5,60.0,,
JURUPA VALLEY HIGH SCHOOL,Mira Loma,Riverside,0.0,0,,,
KATELLA HIGH SCHOOL,Anaheim,Orange,6.0,13,46.15,3.76,3.92
KELSEYVILLE HIGH SCHOOL,Kelseyville,Lake,0.0,0,,,
KERMAN HIGH SCHOOL,Kerman,Fresno,0.0,0,,,
KING CITY JOINT UNION HS,King City,Monterey,5.0,6,83.33,3.44,
KING DREW MAGNET HS MED/SCI,Los Angeles,Los Angeles,0.0,0,,3.07,3.32
LA CANADA HIGH SCHOOL,La Canada,Los Angeles,47.0,87,54.02,3.52,3.76
LA CENTER ENRICHED STUDIES,Los Angeles,Los Angeles,18.0,35,51.43,3.42,3.83
LA HABRA HIGH SCHOOL,La Habra,Orange,6.0,12,50.0,3.76,3.98
LA JOLLA HIGH,La Jolla,San Diego,61.0,98,62.24,3.81,3.97
LA MIRADA HIGH SCHOOL,La Mirada,Los Angeles,3.0,11,27.27,3.91,4.06
LA PUENTE HIGH SCHOOL,La Puente,Los Angeles,4.0,6,66.67,3.49,3.74
LA QUINTA HIGH SCHOOL,Westminster,Orange,5.0,14,35.71,3.79,4.01
LA SERNA HIGH SCHOOL,Whittier,Los Angeles,13.0,23,56.52,3.79,3.94
LA SIERRA HIGH SCHOOL,Riverside,Riverside,6.0,18,33.33,3.9,
LAGUNA BEACH HIGH SCHOOL,Laguna Beach,Orange,13.0,21,61.9,3.53,3.84
LAGUNA HILLS HIGH SCHOOL,Laguna Hills,Orange,44.0,72,61.11,3.59,3.92
LAKE BALBOA COLLEGE PREP K-12,Van Nuys,Los Angeles,0.0,0,,,
LAKEWOOD HIGH SCHOOL,Lakewood,Los Angeles,7.0,15,46.67,3.72,4.07
LAS LOMAS HIGH SCHOOL,Walnut Creek,Contra Costa,18.0,41,43.9,3.76,3.94
LAYTONVILLE HIGH SCHOOL,Laytonville,Mendocino,0.0,0,,,
LE GRAND UNION HIGH SCHOOL,Le Grand,Merced,0.0,0,,,
LEIGH HIGH SCHOOL,San Jose,Santa Clara,10.0,22,45.45,3.59,3.88
LELAND HIGH SCHOOL,San Jose,Santa Clara,60.0,93,64.52,3.83,4.03
LEMOORE UNION HIGH SCHOOL,Lemoore,Kings,0.0,0,,,
LEUZINGER HIGH SCHOOL,Lawndale,Los Angeles,8.0,16,50.0,3.56,3.73
LIBERTY HIGH SCHOOL,Brentwood,Contra Costa,3.0,8,37.5,,
LINCOLN HIGH SCHOOL,San Diego,San Diego,3.0,7,42.86,3.91,3.87
LINCOLN HIGH SCHOOL,Stockton,San Joaquin,27.0,41,65.85,3.87,4.0
LINDEN HIGH SCHOOL,Linden,San Joaquin,0.0,0,,,
LINDSAY HIGH SCHOOL,Lindsay,Tulare,4.0,5,80.0,,
LITTLEROCK HIGH SCHOOL,Littlerock,Los Angeles,0.0,0,,,
LIVE OAK HIGH SCHOOL,Morgan Hill,Santa Clara,15.0,43,34.88,3.46,3.76
LIVERMORE HIGH SCHOOL,Livermore,Alameda,13.0,22,59.09,3.99,4.0
LIVINGSTON HIGH SCHOOL,Livingston,Merced,0.0,0,,3.8,
LOARA HIGH SCHOOL,Anaheim,Orange,9.0,23,39.13,3.76,3.86
LOCKE SENIOR HIGH SCHOOL,Los Angeles,Los Angeles,0.0,0,,,
LODI HIGH SCHOOL,Lodi,San Joaquin,0.0,0,,3.28,
LOMPOC HIGH SCHOOL,Lompoc,Santa Barbara,6.0,14,42.86,3.61,3.93
LONG BEACH POLYTECHNIC HS,Long Beach,Los Angeles,67.0,100,67.0,3.75,3.89
LOS ALAMITOS HIGH SCHOOL,Los Alamitos,Orange,53.0,89,59.55,3.77,4.02
LOS ALTOS HIGH SCHOOL,Hacienda Heights,Los Angeles,19.0,39,48.72,3.67,3.85
LOS ALTOS HIGH SCHOOL,Los Altos,Santa Clara,33.0,59,55.93,3.84,3.93
LOS AMIGOS HIGH SCHOOL,Fountain Valley,Orange,11.0,17,64.71,3.74,3.87
LOS ANGELES COUNTY HS FOR THE ARTS,Los Angeles,Los Angeles,8.0,20,40.0,3.46,3.61
LOS ANGELES SENIOR HIGH SCHOOL,Los Angeles,Los Angeles,10.0,25,40.0,3.6,3.91
LOS BANOS HIGH SCHOOL,Los Banos,Merced,0.0,0,,,
LOS GATOS HIGH SCHOOL,Los Gatos,Santa Clara,29.0,47,61.7,3.72,3.89
LOS MOLINOS HIGH SCHOOL,Los Molinos,Tehama,0.0,0,,,
LOWELL HIGH SCHOOL,San Francisco,San Francisco,56.0,123,45.53,3.45,3.63
LOWER LAKE HIGH SCHOOL,Lower Lake,Lake,0.0,0,,,
LUTHER BURBANK HIGH SCHOOL,Sacramento,Sacramento,0.0,0,,3.39,
LYNBROOK HIGH SCHOOL,San Jose,Santa Clara,79.0,100,79.0,3.85,3.98
LYNWOOD HIGH SCHOOL,Lynwood,Los Angeles,5.0,14,35.71,3.67,3.82
MADERA HIGH SCHOOL,Madera,Madera,13.0,19,68.42,3.81,3.86
MAGNOLIA HIGH SCHOOL,Anaheim,Orange,12.0,19,63.16,3.68,3.91
MALIBU HIGH SCHOOL,Malibu,Los Angeles,4.0,20,20.0,,
MAMMOTH HIGH SCHOOL,Mammoth Lakes,Mono,4.0,5,80.0,3.89,3.92
MANTECA HIGH SCHOOL,Manteca,San Joaquin,0.0,0,,3.83,
MANUAL ARTS SENIOR HIGH SCHOOL,Los Angeles,Los Angeles,3.0,7,42.86,3.11,
MAR VISTA HIGH SCHOOL,Imperial Beach,San Diego,4.0,8,50.0,3.41,3.52
MARINA HIGH SCHOOL,Huntington Beach,Orange,28.0,50,56.0,3.68,3.88
MARIPOSA COUNTY HIGH SCHOOL,Mariposa,Mariposa,0.0,0,,,
MARK KEPPEL HIGH SCHOOL,Alhambra,Los Angeles,31.0,54,57.41,3.57,3.67
MARK TWAIN HIGH SCHOOL,San Diego,San Diego,0.0,0,,,
MARYSVILLE HIGH SCHOOL,Marysville,Yuba,0.0,0,,,
MATTOLE TRIPLE JUNCTION HS,Petrolia,Humboldt,0.0,0,,,
MAYFAIR HIGH SCHOOL,Lakewood,Los Angeles,4.0,5,80.0,,
MCCLOUD HIGH SCHOOL,Mccloud,Siskiyou,0.0,0,,,
MCCLYMONDS HIGH SCHOOL,Oakland,Alameda,0.0,0,,,
MCKINLEYVILLE HIGH SCHOOL,Mckinleyville,Humboldt,0.0,0,,,
MCLANE HIGH SCHOOL,Fresno,Fresno,0.0,0,,,
MENDOCINO HIGH SCHOOL,Mendocino,Mendocino,0.0,0,,,
MENDOTA HIGH SCHOOL,Mendota,Fresno,0.0,0,,,
MENLO ATHERTON HIGH SCHOOL,Atherton,San Mateo,34.0,51,66.67,3.66,3.82
MERCED HIGH SCHOOL,Merced,Merced,11.0,20,55.0,3.49,3.75
MERRILL F WEST HIGH SCHOOL,Tracy,San Joaquin,4.0,8,50.0,,
MESA VERDE HIGH SCHOOL,Citrus Heights,Sacramento,0.0,0,,,
MESQUITE HIGH SCHOOL,Ridgecrest,Kern,0.0,0,,,
MIDDLE COLLEGE HIGH SCHOOL,Los Angeles,Los Angeles,0.0,0,,,
MILLS HIGH SCHOOL,Millbrae,San Mateo,25.0,63,39.68,3.73,3.92
MILPITAS HIGH SCHOOL,Milpitas,Santa Clara,24.0,42,57.14,3.77,3.87
MIRA COSTA HIGH SCHOOL,Manhattan Beach,Los Angeles,31.0,72,43.06,3.64,3.83
MIRA LOMA HIGH SCHOOL,Sacramento,Sacramento,13.0,17,76.47,3.8,3.81
MIRA MESA HIGH SCHOOL,San Diego,San Diego,47.0,93,50.54,3.74,4.0
MIRAMONTE HIGH SCHOOL,Orinda,Contra Costa,46.0,69,66.67,3.6,3.85
MISSION BAY HIGH,San Diego,San Diego,15.0,37,40.54,3.71,4.0
MISSION SAN JOSE HIGH SCHOOL,Fremont,Alameda,87.0,132,65.91,3.87,4.0
MISSION SENIOR HIGH SCHOOL,San Francisco,San Francisco,0.0,0,,3.7,
MISSION VIEJO HIGH SCHOOL,Mission Viejo,Orange,25.0,45,55.56,3.75,3.88
MODESTO HIGH SCHOOL,Modesto,Stanislaus,0.0,6,0.0,3.54,
MONACHE HIGH SCHOOL,Porterville,Tulare,8.0,15,53.33,3.76,3.8
MONROVIA HIGH SCHOOL,Monrovia,Los Angeles,5.0,12,41.67,3.62,3.95
MONTA VISTA HIGH SCHOOL,Cupertino,Santa Clara,95.0,158,60.13,3.73,3.93
MONTCLAIR HIGH SCHOOL,Montclair,San Bernardino,6.0,8,75.0,4.07,4.22
MONTE VISTA HIGH SCHOOL,Danville,Contra Costa,53.0,97,54.64,3.63,3.84
MONTE VISTA HIGH SCHOOL,Spring Valley,San Diego,20.0,34,58.82,3.65,3.87
MONTEBELLO HIGH SCHOOL,Montebello,Los Angeles,3.0,11,27.27,3.63,3.82
MONTEREY HIGH SCHOOL,Monterey,Monterey,4.0,15,26.67,3.61,3.87
MONTGOMERY HIGH SCHOOL,San Diego,San Diego,19.0,24,79.17,3.58,3.68
MONTGOMERY HIGH SCHOOL,Santa Rosa,Sonoma,12.0,23,52.17,4.04,4.19
MOORPARK HIGH SCHOOL,Moorpark,Ventura,12.0,23,52.17,3.67,3.88
MORENO VALLEY HIGH SCHOOL,Moreno Valley,Riverside,5.0,11,45.45,3.59,3.87
MORNINGSIDE HIGH SCHOOL,Inglewood,Los Angeles,0.0,0,,3.42,
MORSE HIGH SCHOOL,San Diego,San Diego,29.0,63,46.03,3.59,3.77
MOUNT DIABLO HIGH SCHOOL,Concord,Contra Costa,0.0,0,,,
MOUNT EDEN HIGH SCHOOL,Hayward,Alameda,8.0,13,61.54,3.94,4.07
MOUNT MIGUEL HIGH SCHOOL,Spring Valley,San Diego,4.0,9,44.44,3.77,3.87
MOUNT PLEASANT HIGH SCHOOL,San Jose,Santa Clara,7.0,14,50.0,,
MOUNT WHITNEY HIGH SCHOOL,Visalia,Tulare,12.0,18,66.67,3.8,4.22
MOUNTAIN EMPIRE HIGH SCHOOL,Pine Valley,San Diego,4.0,8,50.0,,
MOUNTAIN VIEW HIGH SCHOOL,El Monte,Los Angeles,5.0,15,33.33,3.39,3.88
MOUNTAIN VIEW HIGH SCHOOL,Mountain View,Santa Clara,38.0,63,60.32,3.78,3.95
MT CARMEL HIGH SCHOOL,San Diego,San Diego,56.0,115,48.7,3.57,3.84
MURRIETA VALLEY HIGH SCHOOL,Murrieta,Riverside,8.0,21,38.1,3.79,3.94
NAPA HIGH SCHOOL,Napa,Napa,9.0,16,56.25,3.75,3.9
NARBONNE HIGH SCHOOL,Harbor City,Los Angeles,6.0,29,20.69,3.62,3.8
NEEDLES HIGH SCHOOL,Needles,San Bernardino,0.0,0,,,
NEVADA UNION HIGH SCHOOL,Grass Valley,Nevada,5.0,14,35.71,3.96,4.09
NEWARK MEMORIAL HIGH SCHOOL,Newark,Alameda,8.0,16,50.0,3.66,3.79
NEWBURY PARK HIGH SCHOOL,Newbury Park,Ventura,20.0,35,57.14,3.86,4.01
NEWPORT HARBOR HIGH SCHOOL,Newport Beach,Orange,8.0,24,33.33,3.59,4.12
NOGALES HIGH SCHOOL,La Puente,Los Angeles,7.0,13,53.85,3.48,3.76
NORCO HIGH SCHOOL,Norco,Riverside,3.0,9,33.33,3.71,3.9
NORDHOFF HIGH SCHOOL,Ojai,Ventura,16.0,26,61.54,3.82,4.04
NORTE VISTA SENIOR HIGH SCHOOL,Riverside,Riverside,5.0,8,62.5,3.44,
NORTH HIGH SCHOOL,Bakersfield,Kern,0.0,0,,,
NORTH HIGH SCHOOL,Torrance,Los Angeles,25.0,66,37.88,3.86,4.03
NORTH HOLLYWOOD HIGH SCHOOL,North Hollywood,Los Angeles,29.0,46,63.04,3.73,3.94
NORTH MONTEREY COUNTY HIGH SCH,Castroville,Monterey,0.0,9,0.0,,
NORTH PARK CONTINUATION HS,Baldwin Park,Los Angeles,0.0,0,,,
NORTH SALINAS HIGH SCHOOL,Salinas,Monterey,0.0,0,,,
NORTH TAHOE HIGH SCHOOL,Tahoe City,Placer,0.0,0,,,
NORTHGATE HIGH SCHOOL,Walnut Creek,Contra Costa,45.0,90,50.0,3.65,3.8
NORTHVIEW HIGH SCHOOL,Covina,Los Angeles,5.0,6,83.33,,
NORWALK HIGH SCHOOL,Norwalk,Los Angeles,0.0,0,,,
NOVATO HIGH SCHOOL,Novato,Marin,7.0,16,43.75,3.76,3.83
OAK GROVE HIGH SCHOOL,San Jose,Santa Clara,11.0,20,55.0,3.78,3.85
OAK PARK HIGH SCHOOL,Oak Park,Ventura,14.0,26,53.85,3.9,4.09
OAK RIDGE HIGH SCHOOL,El Dorado Hills,El Dorado,12.0,21,57.14,3.71,3.74
OAKDALE HIGH SCHOOL,Oakdale,Stanislaus,0.0,5,0.0,,
OAKLAND HIGH SCHOOL,Oakland,Alameda,4.0,14,28.57,3.63,3.72
OAKLAND TECHNICAL HIGH SCHOOL,Oakland,Alameda,7.0,8,87.5,3.54,3.78
OAKMONT HIGH SCHOOL,Roseville,Placer,13.0,34,38.24,3.94,4.15
OCEAN VIEW HIGH SCHOOL,Huntington Beach,Orange,14.0,29,48.28,3.71,3.94
OCEANA HIGH SCHOOL,Pacifica,San Mateo,0.0,5,0.0,,
OCEANSIDE HIGH SCHOOL,Oceanside,San Diego,4.0,10,40.0,3.4,3.72
ONTARIO HIGH SCHOOL,Ontario,San Bernardino,5.0,9,55.56,3.66,
ORANGE GLEN HIGH SCHOOL,Escondido,San Diego,15.0,37,40.54,3.72,4.03
ORANGE HIGH SCHOOL,Orange,Orange,4.0,8,50.0,3.6,3.87
ORESTIMBA HIGH SCHOOL,Newman,Stanislaus,0.0,0,,,
ORLAND HIGH SCHOOL,Orland,Glenn,0.0,0,,,
OROVILLE HIGH SCHOOL,Oroville,Butte,0.0,0,,,
OXNARD HIGH SCHOOL,Oxnard,Ventura,10.0,21,47.62,3.54,3.83
PACIFIC GROVE HIGH SCHOOL,Pacific Grove,Monterey,6.0,13,46.15,3.68,
PACIFIC HIGH SCHOOL,San Bernardino,San Bernardino,9.0,18,50.0,3.95,3.95
PACIFIC HORIZONS HIGH SCHOOL,Stockton,San Joaquin,0.0,0,,,
PACIFICA HIGH SCHOOL,Garden Grove,Orange,10.0,15,66.67,3.95,4.05
PALISADES CHARTER HIGH SCHOOL,Pacific Palisade,Los Angeles,0.0,0,,,
PALISADES HIGH SCHOOL,Calistoga,Napa,0.0,0,,,
PALISADES HIGH SCHOOL,Pacific Palisade,Los Angeles,27.0,55,49.09,3.73,3.99
PALM DESERT HIGH SCHOOL,Palm Desert,Riverside,19.0,34,55.88,3.77,4.12
PALM SPRINGS HIGH SCHOOL,Palm Springs,Riverside,0.0,22,0.0,3.78,3.97
PALMDALE HIGH SCHOOL,Palmdale,Los Angeles,0.0,10,0.0,3.97,
PALO ALTO SENIOR HIGH SCHOOL,Palo Alto,Santa Clara,65.0,103,63.11,3.77,3.89
PALO VERDE HIGH SCHOOL,Blythe,Riverside,4.0,7,57.14,3.65,
PALOS VERDES PENINSULA HS,Rolling Hills Estat,Los Angeles,123.0,208,59.13,3.62,3.81
PARADISE HIGH SCHOOL,Paradise,Butte,0.0,0,,,
PARAMOUNT HIGH SCHOOL,Paramount,Los Angeles,4.0,8,50.0,3.78,3.77
PARLIER HIGH SCHOOL,Parlier,Fresno,0.0,0,,,
PASADENA HIGH SCHOOL,Pasadena,Los Angeles,12.0,28,42.86,3.52,3.81
PASO ROBLES HIGH SCHOOL,Paso Robles,San Luis Obispo,5.0,11,45.45,,
PATRICK HENRY HIGH SCHOOL,San Diego,San Diego,38.0,62,61.29,3.64,3.84
PATTERSON HIGH SCHOOL,Patterson,Stanislaus,0.0,0,,,
PENINSULA HIGH SCHOOL,San Bruno,San Mateo,0.0,0,,,
PERRIS HIGH SCHOOL,Perris,Riverside,4.0,9,44.44,3.59,
PESCADERO HIGH SCHOOL,Pescadero,San Mateo,0.0,0,,,
PETALUMA HIGH SCHOOL,Petaluma,Sonoma,11.0,18,61.11,3.85,3.88
PHILLIP & SALA BURTON ACAD HS,San Francisco,San Francisco,5.0,13,38.46,3.46,3.64
PHINEAS BANNING HIGH SCHOOL,Wilmington,Los Angeles,3.0,12,25.0,3.05,
PHOENIX HIGH SCHOOL,Sunnyvale,Santa Clara,0.0,0,,,
PIEDMONT HIGH SCHOOL,Piedmont,Alameda,22.0,52,42.31,3.53,3.72
PIEDMONT HILLS HIGH SCHOOL,San Jose,Santa Clara,10.0,26,38.46,3.64,3.7
PINER HIGH SCHOOL,Santa Rosa,Sonoma,0.0,0,,3.88,
PINOLE VALLEY HIGH SCHOOL,Pinole,Contra Costa,23.0,29,79.31,3.69,3.88
PIONEER HIGH SCHOOL,San Jose,Santa Clara,11.0,19,57.89,3.88,3.96
PIONEER HIGH SCHOOL,Whittier,Los Angeles,3.0,8,37.5,3.69,3.86
PITTSBURG HIGH SCHOOL,Pittsburg,Contra Costa,5.0,9,55.56,3.85,
PLACER HIGH SCHOOL,Auburn,Placer,5.0,19,26.32,3.86,
PLEASANT VALLEY SR HIGH SCHOOL,Chico,Butte,6.0,15,40.0,4.04,4.07
POINT ARENA HIGH SCHOOL,Point Arena,Mendocino,0.0,0,,,
POINT LOMA HIGH SCHOOL,San Diego,San Diego,28.0,52,53.85,3.78,3.88
POMONA HIGH SCHOOL,Pomona,Los Angeles,0.0,0,,,
PONDEROSA HIGH SCHOOL,Shingle Springs,El Dorado,4.0,10,40.0,,
PORTERVILLE HIGH SCHOOL,Porterville,Tulare,3.0,6,50.0,3.66,3.66
PORTOLA HIGH SCHOOL,Portola,Plumas,0.0,0,,,
POTTER VALLEY HIGH SCHOOL,Potter Valley,Mendocino,0.0,0,,,
POWAY HIGH SCHOOL,Poway,San Diego,49.0,99,49.49,3.66,3.85
PRESTON SCHOOL OF INDUSTRY,Ione,Amador,0.0,0,,,
PROSPECT HIGH SCHOOL,Saratoga,Santa Clara,5.0,12,41.67,3.51,3.81
QUARTZ HILL HIGH SCHOOL,Quartz Hill,Los Angeles,11.0,27,40.74,3.77,4.09
QUINCY SENIOR HIGH SCHOOL,Quincy,Plumas,0.0,0,,,
RAMONA HIGH SCHOOL,Ramona,San Diego,11.0,22,50.0,3.75,3.85
RAMONA HIGH SCHOOL,Riverside,Riverside,0.0,6,0.0,,
RANCHO ALAMITOS HIGH SCHOOL,Garden Grove,Orange,0.0,13,0.0,3.74,3.74
RANCHO BERNARDO HIGH SCHOOL,San Diego,San Diego,66.0,131,50.38,3.71,3.93
RANCHO BUENA VISTA HIGH SCHOOL,Vista,San Diego,32.0,55,58.18,3.52,3.81
RANCHO COTATE HIGH SCHOOL,Rohnert Park,Sonoma,0.0,0,,3.84,
RANCHO CUCAMONGA HIGH SCHOOL,Rancho Cucamonga,San Bernardino,12.0,29,41.38,3.68,3.88
RANCHO VERDE HIGH SCHOOL,Moreno Valley,Riverside,3.0,10,30.0,3.89,
RAOUL WALLENBERG TRADITIONAL,San Francisco,San Francisco,5.0,10,50.0,3.62,3.74
RED BLUFF HIGH SCHOOL,Red Bluff,Tehama,0.0,0,,,
REDLANDS HIGH SCHOOL,Redlands,San Bernardino,38.0,71,53.52,3.8,3.93
REDONDO UNION HIGH SCHOOL,Redondo Beach,Los Angeles,16.0,36,44.44,3.58,3.98
REDWOOD HIGH SCHOOL,Larkspur,Marin,26.0,51,50.98,3.69,3.96
REDWOOD HIGH SCHOOL,Visalia,Tulare,9.0,15,60.0,3.69,3.88
REEDLEY HIGH SCHOOL,Reedley,Fresno,3.0,6,50.0,,
RESEDA HIGH SCHOOL,Reseda,Los Angeles,10.0,19,52.63,3.6,3.78
RIALTO HIGH SCHOOL,Rialto,San Bernardino,4.0,9,44.44,,
RICHARD A ALONZO COMM DAY SCH,Los Angeles,Los Angeles,0.0,0,,,
RICHMOND HIGH SCHOOL,Richmond,Contra Costa,0.0,0,,,
RIM OF THE WORLD HIGH SCHOOL,Lake Arrowhead,San Bernardino,8.0,13,61.54,3.82,
RIO AMERICANO HIGH SCHOOL,Sacramento,Sacramento,37.0,59,62.71,3.77,3.93
RIO LINDA SENIOR HIGH SCHOOL,Rio Linda,Sacramento,0.0,0,,,
RIO MESA HIGH SCHOOL,Oxnard,Ventura,10.0,24,41.67,3.52,3.81
RIO VISTA HIGH SCHOOL,Rio Vista,Solano,0.0,0,,,
RIPON HIGH SCHOOL,Ripon,San Joaquin,0.0,0,,,
RIVER CITY HIGH SCHOOL,West Sacramento,Yolo,0.0,0,,,
RIVERBANK HIGH SCHOOL,Riverbank,Stanislaus,0.0,0,,,
RIVERSIDE POLY HIGH SCHOOL,Riverside,Riverside,26.0,42,61.9,3.59,3.75
ROBERT A MILLIKAN HIGH SCHOOL,Long Beach,Los Angeles,5.0,11,45.45,3.7,3.8
ROSAMOND HIGH SCHOOL,Rosamond,Kern,0.0,0,,,
ROSEMEAD HIGH SCHOOL,Rosemead,Los Angeles,20.0,36,55.56,3.86,3.96
ROSEVILLE HIGH SCHOOL,Roseville,Placer,0.0,5,0.0,3.95,
ROUND VALLEY HIGH SCHOOL,Covelo,Mendocino,0.0,0,,,
ROYAL HIGH SCHOOL,Simi Valley,Ventura,20.0,35,57.14,3.8,4.07
RUBEN S AYALA HIGH SCHOOL,Chino Hills,San Bernardino,28.0,45,62.22,3.84,4.12
RUBIDOUX HIGH SCHOOL,Jurupa Valley,Riverside,3.0,9,33.33,3.32,
RUTH ASAWA SCHOOL OF THE ARTS,San Francisco,San Francisco,0.0,0,,3.94,
SACRAMENTO HIGH SCHOOL,Sacramento,Sacramento,6.0,9,66.67,3.71,3.7
SADDLEBACK HIGH SCHOOL,Santa Ana,Orange,15.0,27,55.56,3.38,3.75
SAINT HELENA HIGH SCHOOL,Saint Helena,Napa,0.0,8,0.0,3.63,
SALINAS HIGH SCHOOL,Salinas,Monterey,6.0,15,40.0,3.69,4.01
SAN BERNARDINO HIGH SCHOOL,San Bernardino,San Bernardino,7.0,12,58.33,,
SAN CLEMENTE HIGH SCHOOL,San Clemente,Orange,24.0,53,45.28,3.65,3.76
SAN DIEGO HIGH SCHOOL EDUCATIO,San Diego,San Diego,30.0,43,69.77,3.37,3.65
SAN DIEGO SCHL CREATE/PERFORM,San Diego,San Diego,13.0,21,61.9,3.68,3.9
SAN DIEGUITO ACADEMY,Encinitas,San Diego,68.0,102,66.67,3.82,3.96
SAN DIMAS HIGH SCHOOL,San Dimas,Los Angeles,13.0,26,50.0,3.91,3.98
SAN FERNANDO HIGH SCHOOL,San Fernando,Los Angeles,3.0,11,27.27,3.22,3.6
SAN GABRIEL HIGH SCHOOL,San Gabriel,Los Angeles,22.0,50,44.0,3.47,3.6
SAN GORGONIO HIGH SCHOOL,San Bernardino,San Bernardino,7.0,16,43.75,3.62,3.78
SAN JACINTO HIGH SCHOOL,San Jacinto,Riverside,0.0,0,,,
SAN JOSE HIGH SCHOOL,San Jose,Santa Clara,0.0,0,,3.55,
SAN JUAN HIGH SCHOOL,Citrus Heights,Sacramento,0.0,0,,,
SAN LEANDRO HIGH SCHOOL,San Leandro,Alameda,5.0,15,33.33,3.73,3.74
SAN LORENZO HIGH SCHOOL,San Lorenzo,Alameda,0.0,0,,,
SAN LORENZO VALLEY HIGH SCHOOL,Felton,Santa Cruz,4.0,12,33.33,,
SAN LUIS OBISPO HIGH SCHOOL,San Luis Obispo,San Luis Obispo,12.0,23,52.17,3.79,4.01
SAN MARCOS HIGH SCHOOL,San Marcos,San Diego,21.0,29,72.41,3.9,4.0
SAN MARCOS HIGH SCHOOL,Santa Barbara,Santa Barbara,19.0,37,51.35,3.74,3.94
SAN MARIN HIGH SCHOOL,Novato,Marin,12.0,20,60.0,3.64,3.81
SAN MARINO HIGH SCHOOL,San Marino,Los Angeles,69.0,129,53.49,3.63,3.85
SAN MATEO HIGH SCHOOL,San Mateo,San Mateo,12.0,42,28.57,3.81,3.94
SAN PASQUAL HIGH SCHOOL,Escondido,San Diego,21.0,37,56.76,3.79,4.11
SAN PEDRO HIGH SCHOOL,San Pedro,Los Angeles,5.0,24,20.83,3.56,3.75
SAN RAFAEL HIGH SCHOOL,San Rafael,Marin,8.0,13,61.54,3.57,3.7
SAN RAMON VALLEY HIGH SCHOOL,Danville,Contra Costa,19.0,48,39.58,3.62,3.71
SANGER HIGH SCHOOL,Sanger,Fresno,3.0,10,30.0,3.65,3.91
SANTA ANA HIGH SCHOOL,Santa Ana,Orange,6.0,13,46.15,,
SANTA BARBARA SENIOR HIGH SCHO,Santa Barbara,Santa Barbara,20.0,44,45.45,3.82,4.0
SANTA CLARA HIGH SCHOOL,Santa Clara,Santa Clara,6.0,8,75.0,3.91,4.08
SANTA CRUZ HIGH SCHOOL,Santa Cruz,Santa Cruz,7.0,21,33.33,3.54,3.89
SANTA FE HIGH SCHOOL,Santa Fe Springs,Los Angeles,4.0,12,33.33,3.12,
SANTA MARIA HIGH SCHOOL,Santa Maria,Santa Barbara,0.0,0,,3.8,3.99
SANTA MONICA HIGH SCHOOL,Santa Monica,Los Angeles,71.0,114,62.28,3.66,3.86
SANTA PAULA HIGH SCHOOL,Santa Paula,Ventura,0.0,0,,3.37,
SANTA ROSA HIGH SCHOOL,Santa Rosa,Sonoma,11.0,23,47.83,3.65,3.95
SANTA TERESA HIGH SCHOOL,San Jose,Santa Clara,6.0,13,46.15,3.83,3.95
SANTA YNEZ VALLEY UNION HS,Solvang,Santa Barbara,3.0,5,60.0,,
SANTANA HIGH SCHOOL,Santee,San Diego,8.0,15,53.33,4.06,4.06
SANTIAGO HIGH SCHOOL,Garden Grove,Orange,0.0,9,0.0,3.64,3.72
SARATOGA HIGH SCHOOL,Saratoga,Santa Clara,54.0,78,69.23,3.79,3.98
SAUGUS HIGH SCHOOL,Saugus,Los Angeles,8.0,22,36.36,3.58,3.65
SAVANNA HIGH SCHOOL,Anaheim,Orange,0.0,9,0.0,4.06,4.12
SCHURR HIGH SCHOOL,Montebello,Los Angeles,19.0,43,44.19,3.55,3.82
SCRIPPS RANCH HIGH,San Diego,San Diego,36.0,63,57.14,3.79,4.04
SEASIDE HIGH SCHOOL,Seaside,Monterey,3.0,9,33.33,3.32,
SEQUOIA HIGH SCHOOL,Redwood City,San Mateo,5.0,10,50.0,3.61,3.86
SERRANO HIGH SCHOOL,Phelan,San Bernardino,0.0,0,,,
SHAFTER HIGH SCHOOL,Shafter,Kern,0.0,5,0.0,,
SHASTA HIGH SCHOOL,Redding,Shasta,0.0,0,,3.96,4.07
SHERMAN E BURROUGHS HS,Ridgecrest,Kern,7.0,21,33.33,3.85,3.87
SHERMAN OAKS CTR ENRCHED STDS,Reseda,Los Angeles,8.0,23,34.78,3.62,3.88
SHERMAN SCHOOL,Alhambra,Los Angeles,0.0,0,,,
SIERRA HIGH SCHOOL,San Bernardino,San Bernardino,0.0,0,,,
SIERRA HIGH SCHOOL,Tollhouse,Fresno,0.0,0,,,
SIERRA VISTA HIGH SCHOOL,Baldwin Park,Los Angeles,0.0,11,0.0,3.57,
SILVER CREEK HIGH SCHOOL,San Jose,Santa Clara,10.0,13,76.92,3.65,3.8
SILVER VALLEY HIGH SCHOOL,Yermo,San Bernardino,0.0,0,,,
SILVERADO HIGH SCHOOL,Mission Viejo,Orange,0.0,0,,,
SIMI VALLEY HIGH SCHOOL,Simi Valley,Ventura,11.0,27,40.74,3.75,3.96
SKYLINE HIGH SCHOOL,Oakland,Alameda,14.0,30,46.67,3.68,3.83
SONOMA VALLEY HIGH SCHOOL,Sonoma,Sonoma,5.0,15,33.33,3.66,
SONORA HIGH SCHOOL,La Habra,Orange,6.0,14,42.86,3.68,3.97
SONORA HIGH SCHOOL,Sonora,Tuolumne,0.0,5,0.0,3.87,
SOQUEL HIGH SCHOOL,Soquel,Santa Cruz,10.0,14,71.43,3.71,3.95
SOUTH EL MONTE HIGH SCHOOL,South El Monte,Los Angeles,4.0,7,57.14,,
SOUTH FORK HIGH SCHOOL,Miranda,Humboldt,0.0,0,,,
SOUTH GATE HIGH SCHOOL,South Gate,Los Angeles,0.0,9,0.0,3.34,
SOUTH HIGH SCHOOL,Bakersfield,Kern,0.0,0,,,
SOUTH HIGH SCHOOL,Torrance,Los Angeles,26.0,64,40.62,3.8,4.03
SOUTH HILLS HIGH SCHOOL,West Covina,Los Angeles,19.0,38,50.0,3.68,3.9
SOUTH PASADENA HIGH SCHOOL,South Pasadena,Los Angeles,46.0,87,52.87,3.66,3.81
SOUTH SAN FRANCISCO HS,South San Francisco,San Mateo,10.0,14,71.43,3.52,
SOUTH TAHOE HIGH SCHOOL,South Lake Tahoe,El Dorado,3.0,9,33.33,,
SOUTHWEST HIGH SCHOOL,San Diego,San Diego,14.0,35,40.0,3.48,3.78
STEPHEN W KEARNY HIGH SCHOOL,San Diego,San Diego,13.0,24,54.17,3.72,3.84
STOCKDALE HIGH SCHOOL,Bakersfield,Kern,17.0,24,70.83,3.64,
STRATHMORE HIGH SCHOOL,Porterville,Tulare,0.0,0,,,
SUMMERVILLE UNION HIGH SCHOOL,Tuolumne,Tuolumne,0.0,0,,,
SUNNY HILLS HIGH SCHOOL,Fullerton,Orange,69.0,139,49.64,3.63,3.79
SUNSET HIGH SCHOOL,Encinitas,San Diego,0.0,0,,,
SURFSIDE HIGH SCHOOL,Oceanside,San Diego,0.0,0,,,
SUSAN MILLER DORSEY HIGH SCHL,Los Angeles,Los Angeles,0.0,5,0.0,3.35,
SWEETWATER UNION HIGH SCHOOL,National City,San Diego,15.0,41,36.59,3.71,3.77
SYLMAR HIGH SCHOOL,Sylmar,Los Angeles,0.0,0,,3.62,
TAFT UNION HIGH SCHOOL,Taft,Kern,0.0,0,,,
TAHOE TRUCKEE HIGH SCHOOL,Truckee,Placer,3.0,7,42.86,,
TAMALPAIS HIGH SCHOOL,Mill Valley,Marin,13.0,32,40.62,3.81,3.9
TAMISCAL HIGH SCHOOL,Larkspur,Marin,0.0,0,,,
TEHACHAPI HIGH SCHOOL,Tehachapi,Kern,3.0,5,60.0,3.82,
TEMECULA VALLEY HIGH SCHOOL,Temecula,Riverside,11.0,26,42.31,3.75,3.95
TEMESCAL CANYON HIGH SCHOOL,Lake Elsinore,Riverside,4.0,14,28.57,,
TEMPLE CITY HIGH SCHOOL,Temple City,Los Angeles,24.0,64,37.5,3.7,3.91
TENNYSON HIGH SCHOOL,Hayward,Alameda,3.0,8,37.5,,
TERRA LINDA HIGH SCHOOL,San Rafael,Marin,10.0,21,47.62,3.53,3.66
TERRA NOVA HIGH SCHOOL,Pacifica,San Mateo,0.0,5,0.0,,
THEODORE ROOSEVELT HIGH SCHOOL,Fresno,Fresno,0.0,0,,3.71,4.03
THEODORE ROOSEVELT SENIOR HIGH,Los Angeles,Los Angeles,12.0,30,40.0,2.9,3.44
THOMAS DOWNEY HIGH SCHOOL,Modesto,Stanislaus,4.0,7,57.14,4.03,4.03
THOMAS JEFFERSON HIGH SCHOOL,Los Angeles,Los Angeles,3.0,12,25.0,,
THOUSAND OAKS HIGH SCHOOL,Thousand Oaks,Ventura,30.0,64,46.88,3.69,3.9
TOKAY HIGH SCHOOL,Lodi,San Joaquin,8.0,14,57.14,3.81,3.94
TOMALES HIGH SCHOOL,Tomales,Marin,0.0,0,,,
TORRANCE HIGH SCHOOL,Torrance,Los Angeles,18.0,44,40.91,3.76,3.95
TORREY PINES HIGH SCHOOL,San Diego,San Diego,67.0,109,61.47,3.69,3.93
TRABUCO HILLS HIGH SCHOOL,Mission Viejo,Orange,23.0,40,57.5,3.63,3.82
TRACY JOINT UNION HIGH SCHOOL,Tracy,San Joaquin,0.0,7,0.0,3.96,4.01
TRANQUILLITY HIGH SCHOOL,Tranquillity,Fresno,0.0,0,,,
TRINITY HIGH SCHOOL,Weaverville,Trinity,0.0,0,,,
TRONA HIGH SCHOOL,Trona,San Bernardino,0.0,0,,,
TROY HIGH SCHOOL,Fullerton,Orange,28.0,43,65.12,3.76,3.94
TULARE UNION HIGH SCHOOL,Tulare,Tulare,0.0,5,0.0,,
TULARE WESTERN HIGH SCHOOL,Tulare,Tulare,0.0,0,,3.68,
TURLOCK HIGH SCHOOL,Turlock,Stanislaus,0.0,7,0.0,3.81,3.99
TUSTIN HIGH SCHOOL,Tustin,Orange,9.0,18,50.0,3.81,3.98
TWENTYNINE PALMS HIGH SCHOOL,Twentynine Palms,San Bernardino,0.0,0,,,
UKIAH HIGH SCHOOL,Ukiah,Mendocino,6.0,11,54.55,,
ULYSSES S GRANT HIGH SCHOOL,Van Nuys,Los Angeles,19.0,50,38.0,3.69,3.94
UNIVERSITY CITY HIGH,San Diego,San Diego,33.0,68,48.53,3.8,3.94
UNIVERSITY HIGH SCHOOL,Irvine,Orange,95.0,157,60.51,3.6,3.77
UNIVERSITY HIGH SCHOOL,Los Angeles,Los Angeles,30.0,53,56.6,3.61,3.83
UPLAND HIGH SCHOOL,Upland,San Bernardino,27.0,64,42.19,3.86,4.0
VACAVILLE HIGH SCHOOL,Vacaville,Solano,0.0,0,,3.89,3.89
VALENCIA HIGH SCHOOL,Placentia,Orange,12.0,17,70.59,3.51,
VALHALLA HIGH SCHOOL,El Cajon,San Diego,42.0,66,63.64,3.63,3.76
VALLEJO HIGH SCHOOL,Vallejo,Solano,4.0,7,57.14,,
VALLEY HIGH SCHOOL,Escondido,San Diego,0.0,0,,,
VALLEY HIGH SCHOOL,Sacramento,Sacramento,4.0,10,40.0,,
VALLEY HIGH SCHOOL,Santa Ana,Orange,8.0,21,38.1,3.65,3.94
VALLEY VIEW HIGH SCHOOL,Moreno Valley,Riverside,10.0,19,52.63,3.33,3.86
VALLEY VIEW HIGH SCHOOL,Ontario,San Bernardino,0.0,0,,,
VALLEY VISTA HIGH SCHOOL,Fountain Valley,Orange,0.0,0,,,
VAN NUYS HIGH SCHOOL,Van Nuys,Los Angeles,92.0,145,63.45,3.65,3.84
VANDEN HIGH SCHOOL,Fairfield,Solano,0.0,0,,,
VENICE HIGH SCHOOL,Los Angeles,Los Angeles,21.0,34,61.76,3.64,3.9
VENTURA HIGH SCHOOL,Ventura,Ventura,3.0,10,30.0,3.68,3.87
VERDUGO HILLS HIGH SCHOOL,Tujunga,Los Angeles,3.0,13,23.08,3.81,
VICTOR VALLEY HIGH SCHOOL,Victorville,San Bernardino,6.0,11,54.55,3.95,4.02
VILLA PARK HIGH SCHOOL,Villa Park,Orange,41.0,71,57.75,3.73,4.0
VILLAGE OAKS HIGH SCHOOL,Stockton,San Joaquin,0.0,0,,,
VINTAGE HIGH SCHOOL,Napa,Napa,8.0,17,47.06,4.02,4.16
VISTA HIGH SCHOOL,Vista,San Diego,21.0,36,58.33,3.65,3.81
VISTA WEST HIGH SCHOOL,Bakersfield,Kern,0.0,0,,,
W C OVERFELT HIGH SCHOOL,San Jose,Santa Clara,0.0,6,0.0,3.63,
WALNUT HIGH SCHOOL,Walnut,Los Angeles,38.0,106,35.85,3.82,3.97
WARREN HIGH SCHOOL,Downey,Los Angeles,17.0,31,54.84,3.64,3.94
WASCO UNION HIGH SCHOOL,Wasco,Kern,0.0,0,,,
WASHINGTON HIGH SCHOOL,Fremont,Alameda,12.0,22,54.55,3.69,3.81
WASHINGTON UNION HIGH SCHOOL,Fresno,Fresno,0.0,0,,,
WATSONVILLE HIGH SCHOOL,Watsonville,Santa Cruz,4.0,8,50.0,3.57,3.64
WEED HIGH SCHOOL,Weed,Siskiyou,0.0,0,,,
WEST CAMPUS HIGH SCHOOL,Sacramento,Sacramento,0.0,0,,,
WEST COVINA HIGH SCHOOL,West Covina,Los Angeles,6.0,13,46.15,3.46,3.93
WEST HIGH SCHOOL,Bakersfield,Kern,4.0,11,36.36,,
WEST HIGH SCHOOL,Torrance,Los Angeles,40.0,85,47.06,3.64,3.88
WEST HILLS HIGH SCHOOL,Santee,San Diego,8.0,12,66.67,3.82,3.84
WEST VALLEY HIGH SCHOOL,Hemet,Riverside,0.0,0,,,
WESTCHESTER ENRICHED SCIENCE MAGNET,Los Angeles,Los Angeles,11.0,33,33.33,3.2,3.66
WESTERN HIGH SCHOOL,Anaheim,Orange,4.0,6,66.67,4.03,4.22
WESTLAKE HIGH SCHOOL,Westlake Village,Ventura,51.0,87,58.62,3.76,3.92
WESTMINSTER HIGH SCHOOL,Westminster,Orange,17.0,29,58.62,3.78,3.85
WESTMONT HIGH SCHOOL,Campbell,Santa Clara,6.0,15,40.0,3.45,
WESTMOOR HIGH SCHOOL,Daly City,San Mateo,3.0,13,23.08,,
WHITTIER HIGH SCHOOL,Whittier,Los Angeles,5.0,14,35.71,,
WILL C WOOD HIGH SCHOOL,Vacaville,Solano,5.0,9,55.56,,
WILLIAM HOWARD TAFT HS,Woodland Hills,Los Angeles,33.0,94,35.11,3.76,4.0
WILLIAM S HART HIGH SCHOOL,Newhall,Los Angeles,22.0,55,40.0,3.59,4.07
WILLIAMS HIGH SCHOOL,Williams,Colusa,0.0,0,,,
WILLITS HIGH SCHOOL,Willits,Mendocino,0.0,0,,,
WILLOW GLEN HIGH SCHOOL,San Jose,Santa Clara,0.0,0,,3.82,
WILLOWS HIGH SCHOOL,Willows,Glenn,0.0,0,,,
WINTERS HIGH SCHOOL,Winters,Yolo,0.0,0,,,
WOODBRIDGE HIGH SCHOOL,Irvine,Orange,46.0,71,64.79,3.61,3.83
WOODLAKE HIGH SCHOOL,Woodlake,Tulare,0.0,0,,3.46,
WOODLAND HIGH SCHOOL,Woodland,Yolo,6.0,11,54.55,3.55,
WOODROW WILSON HIGH SCHOOL,Long Beach,Los Angeles,11.0,32,34.38,3.77,3.96
WOODROW WILSON HIGH SCHOOL,Los Angeles,Los Angeles,9.0,24,37.5,3.18,3.54
WOODSIDE HIGH SCHOOL,Woodside,San Mateo,14.0,31,45.16,3.47,3.82
WORKMAN HIGH SCHOOL,City Of Industry,Los Angeles,7.0,9,77.78,,
YERBA BUENA HIGH SCHOOL,San Jose,Santa Clara,0.0,0,,,
YGNACIO VALLEY HIGH SCHOOL,Concord,Contra Costa,0.0,0,,3.64,3.82
YOSEMITE HIGH SCHOOL,Oakhurst,Madera,0.0,0,,,
YOUTH OPPORTUNITIES UNLIMITED,San Diego,San Diego,0.0,0,,,
YREKA HIGH SCHOOL,Yreka,Siskiyou,0.0,0,,,
YUBA CITY HIGH SCHOOL,Yuba City,Sutter,11.0,15,73.33,3.89,4.23
YUCAIPA SENIOR HIGH SCHOOL,Yucaipa,San Bernardino,11.0,16,68.75,4.02,
YUCCA VALLEY HIGH SCHOOL,Yucca Valley,San Bernardino,0.0,0,,,
ZANE GREY HIGH SCHOOL,Reseda,Los Angeles,0.0,0,,,
